-- phpMyAdmin SQL Dump
-- version 4.8.3
-- https://www.phpmyadmin.net/
--
-- 主機: 127.0.0.1:3306
-- 產生時間： 2020 年 11 月 25 日 05:12
-- 伺服器版本: 5.7.23
-- PHP 版本： 7.2.10

SET SQL_MODE = "NO_AUTO_VALUE_ON_ZERO";
SET AUTOCOMMIT = 0;
START TRANSACTION;
SET time_zone = "+00:00";


/*!40101 SET @OLD_CHARACTER_SET_CLIENT=@@CHARACTER_SET_CLIENT */;
/*!40101 SET @OLD_CHARACTER_SET_RESULTS=@@CHARACTER_SET_RESULTS */;
/*!40101 SET @OLD_COLLATION_CONNECTION=@@COLLATION_CONNECTION */;
/*!40101 SET NAMES utf8mb4 */;

--
-- 資料庫： `ed103g4`
--

-- --------------------------------------------------------

--
-- 資料表結構 `amd`
--

DROP TABLE IF EXISTS `amd`;
CREATE TABLE IF NOT EXISTS `amd` (
  `AMD_NO` int(11) NOT NULL AUTO_INCREMENT,
  `AMD_ID` varchar(30) NOT NULL,
  `AMD_NAME` varchar(30) NOT NULL,
  `AMD_PSD` varchar(30) DEFAULT NULL,
  PRIMARY KEY (`AMD_NO`)
) ENGINE=MyISAM AUTO_INCREMENT=13 DEFAULT CHARSET=utf8;

--
-- 資料表的匯出資料 `amd`
--

INSERT INTO `amd` (`AMD_NO`, `AMD_ID`, `AMD_NAME`, `AMD_PSD`) VALUES
(1, 'bigfujun', '大富鈞', '123456'),
(12, 'bbb', '大BB', 'bbb'),
(10, 'up3', '煞氣的猗窩座', 'oni'),
(11, '008', '順產大致影', '008');

-- --------------------------------------------------------

--
-- 資料表結構 `article_collection`
--

DROP TABLE IF EXISTS `article_collection`;
CREATE TABLE IF NOT EXISTS `article_collection` (
  `AC_NO` int(11) NOT NULL AUTO_INCREMENT,
  `MEMBER_NO` int(11) NOT NULL,
  `ARTICLE_NO` int(11) NOT NULL,
  PRIMARY KEY (`AC_NO`),
  KEY `MEMBER_NO` (`MEMBER_NO`),
  KEY `ARTICLE_NO` (`ARTICLE_NO`)
) ENGINE=InnoDB AUTO_INCREMENT=165 DEFAULT CHARSET=utf8;

--
-- 資料表的匯出資料 `article_collection`
--

INSERT INTO `article_collection` (`AC_NO`, `MEMBER_NO`, `ARTICLE_NO`) VALUES
(7, 3, 2),
(8, 3, 3),
(90, 1, 3),
(97, 1, 2),
(98, 1, 1),
(100, 3, 3),
(101, 2, 3),
(102, 9, 3),
(103, 8, 3),
(104, 3, 3),
(105, 12, 3),
(106, 10, 3),
(107, 14, 3),
(108, 13, 3),
(111, 18, 2),
(114, 5, 13),
(115, 5, 14),
(116, 5, 12),
(117, 5, 4),
(118, 5, 10),
(119, 5, 11),
(120, 5, 3),
(121, 5, 2),
(122, 5, 1),
(123, 2, 1),
(124, 2, 2),
(125, 2, 11),
(126, 2, 10),
(127, 2, 4),
(128, 2, 12),
(129, 2, 13),
(130, 2, 14),
(131, 10, 14),
(132, 10, 13),
(133, 10, 12),
(134, 10, 4),
(135, 10, 10),
(136, 10, 11),
(137, 4, 4),
(139, 4, 11),
(141, 4, 13),
(142, 4, 12),
(143, 4, 14),
(144, 4, 2),
(145, 4, 3),
(146, 4, 1),
(147, 4, 10),
(148, 11, 12),
(149, 11, 13),
(150, 11, 10),
(151, 11, 4),
(152, 11, 11),
(153, 11, 2),
(154, 11, 1),
(155, 11, 3),
(157, 3, 1),
(158, 40, 1),
(159, 40, 2),
(160, 40, 3),
(163, 3, 4);

-- --------------------------------------------------------

--
-- 資料表結構 `article_message`
--

DROP TABLE IF EXISTS `article_message`;
CREATE TABLE IF NOT EXISTS `article_message` (
  `ART_MESSAGE_NO` int(11) NOT NULL AUTO_INCREMENT,
  `ARTICLE_NO` int(11) NOT NULL,
  `MEMBER_NO` int(11) NOT NULL,
  `ART_MES_TIME` datetime NOT NULL,
  `ART_MESSAGE_WORD` varchar(65) NOT NULL,
  PRIMARY KEY (`ART_MESSAGE_NO`),
  KEY `ARTICLE_NO` (`ARTICLE_NO`),
  KEY `MEMBER_NO` (`MEMBER_NO`)
) ENGINE=InnoDB AUTO_INCREMENT=59 DEFAULT CHARSET=utf8;

--
-- 資料表的匯出資料 `article_message`
--

INSERT INTO `article_message` (`ART_MESSAGE_NO`, `ARTICLE_NO`, `MEMBER_NO`, `ART_MES_TIME`, `ART_MESSAGE_WORD`) VALUES
(1, 1, 5, '2020-11-04 00:00:00', '看起來很厲害~'),
(2, 1, 3, '2020-11-04 00:00:00', '我下次要跟!!'),
(3, 1, 2, '2020-11-04 00:00:00', '那個油花很美耶!'),
(4, 2, 1, '2020-11-04 00:00:00', '散步也要愛環保!'),
(5, 2, 3, '2020-11-04 00:00:00', '老街溪那裏很美'),
(6, 2, 4, '2020-11-04 00:00:00', '貓咪也想要散步啦'),
(7, 3, 1, '2020-11-04 00:00:00', '我覺得吃蝦子不環保'),
(8, 3, 2, '2020-11-05 00:00:00', '姆咪喜歡吃蝦子'),
(9, 3, 4, '2020-11-06 00:00:00', '貓咪也喜歡吃蝦子'),
(10, 3, 5, '2020-11-09 00:00:00', '我好想去越南好想出國喔Q_Q'),
(11, 4, 1, '2020-11-09 00:00:00', '吃飽很不環保'),
(12, 4, 2, '2020-11-09 00:00:00', '姆咪喜歡吃飽'),
(14, 4, 6, '2020-11-09 00:00:00', '黑人也可以吃飽'),
(16, 1, 1, '2020-11-17 13:56:51', '看起來很好吃'),
(17, 2, 1, '2020-11-17 15:32:16', '唷唷唷'),
(18, 1, 1, '2020-11-17 20:01:43', '帶我去吃!!!'),
(29, 2, 18, '2020-11-22 14:30:18', '哈囉'),
(32, 1, 10, '2020-11-22 18:03:38', '這個真的厲害!!!!'),
(33, 1, 8, '2020-11-22 18:03:57', '挖賽!!'),
(34, 1, 5, '2020-11-22 18:04:28', '可以帶我去嗎!!'),
(35, 1, 2, '2020-11-22 18:04:48', '我也要跟!'),
(36, 10, 2, '2020-11-22 18:05:00', '推推!'),
(37, 11, 2, '2020-11-22 18:05:15', '讚讚!'),
(38, 12, 2, '2020-11-22 18:05:29', '揪一波!'),
(39, 13, 2, '2020-11-22 18:05:37', '跟我一起來~~~'),
(40, 14, 2, '2020-11-22 18:05:45', '吃爆!!!'),
(41, 14, 5, '2020-11-22 18:06:14', '走鍋不揪捏!'),
(42, 13, 5, '2020-11-22 18:06:30', '我也要當你朋友!'),
(43, 11, 5, '2020-11-22 18:06:54', '這麵看起來很不錯'),
(44, 10, 10, '2020-11-22 18:09:01', 'I Love nuddle!'),
(45, 14, 10, '2020-11-22 18:09:14', 'look likes good'),
(46, 12, 10, '2020-11-22 18:09:21', 'we are family'),
(47, 1, 4, '2020-11-22 18:10:11', '喵喵喵喵!'),
(48, 3, 4, '2020-11-22 18:10:15', '喵喵喵喵!'),
(49, 10, 4, '2020-11-22 18:10:19', '喵喵喵喵!'),
(50, 12, 4, '2020-11-22 18:10:24', '喵喵喵喵!'),
(51, 4, 4, '2020-11-22 18:10:35', '喵喵喵喵!'),
(52, 11, 4, '2020-11-22 18:11:00', '喵喵喵喵!'),
(53, 12, 11, '2020-11-22 18:11:39', 'I am your leader!!'),
(54, 4, 11, '2020-11-22 18:11:49', 'I am your leader!!'),
(55, 1, 38, '2020-11-23 10:56:01', '好ㄘ好ㄘ'),
(56, 1, 3, '2020-11-23 10:57:07', 'ㄘㄘㄘ'),
(57, 10, 40, '2020-11-23 11:36:56', '下次憶起!!'),
(58, 1, 1, '2020-11-24 11:53:08', '亮');

-- --------------------------------------------------------

--
-- 資料表結構 `article_report`
--

DROP TABLE IF EXISTS `article_report`;
CREATE TABLE IF NOT EXISTS `article_report` (
  `ARTICLE_RE_NO` int(11) NOT NULL AUTO_INCREMENT,
  `ARTICLE_NO` int(11) NOT NULL,
  `ART_REPORT_REASON` text NOT NULL,
  `ART_REPORT_TIME` datetime NOT NULL,
  `ART_REPORT_STATUS` char(1) NOT NULL COMMENT '0:待處理\r\n1:下架\r\n2:不下架',
  PRIMARY KEY (`ARTICLE_RE_NO`),
  KEY `ARTICLE_NO` (`ARTICLE_NO`)
) ENGINE=InnoDB DEFAULT CHARSET=utf8;

-- --------------------------------------------------------

--
-- 資料表結構 `article_sharing`
--

DROP TABLE IF EXISTS `article_sharing`;
CREATE TABLE IF NOT EXISTS `article_sharing` (
  `ARTICLE_NO` int(11) NOT NULL AUTO_INCREMENT,
  `MEMBER_NO` int(11) NOT NULL,
  `ARTICLE_TITLE` varchar(12) NOT NULL,
  `ARTICLE_WORD` varchar(65) NOT NULL,
  `ARTICLE_DATE` date NOT NULL,
  `ARTICLE_LIKE` int(11) DEFAULT NULL,
  `MESSAGE_TOTAL` int(11) DEFAULT NULL,
  `ARTICLE_IMAGE1` varchar(65) NOT NULL,
  `ARTICLE_KIND` char(1) NOT NULL COMMENT '0:美食分享1:揪團分享',
  PRIMARY KEY (`ARTICLE_NO`),
  KEY `MEMBER_NO` (`MEMBER_NO`)
) ENGINE=InnoDB AUTO_INCREMENT=16 DEFAULT CHARSET=utf8;

--
-- 資料表的匯出資料 `article_sharing`
--

INSERT INTO `article_sharing` (`ARTICLE_NO`, `MEMBER_NO`, `ARTICLE_TITLE`, `ARTICLE_WORD`, `ARTICLE_DATE`, `ARTICLE_LIKE`, `MESSAGE_TOTAL`, `ARTICLE_IMAGE1`, `ARTICLE_KIND`) VALUES
(1, 1, '超推嗜燒肉!', '嗜燒肉非常非常的好吃\r\n員工介紹肉品部位的差異非常的詳盡\r\n桌邊服務讓你品嚐最完美的熟度\r\n價格平易近人～絕對值得光臨一次', '2020-11-04', 1, 6, 'Art_1.jpg', '0'),
(2, 5, '和朋友吃飽散步好開心!', '一起吃飽飽後在中壢老街溪邊散散步好舒服~', '2020-11-02', 2, 5, 'Art_2.jpg', '1'),
(3, 3, '世界好吃的越南春捲', '裝滿蔬菜和蝦子的春捲\r\n搭配酸酸辣辣的醬汁真的超開胃!!', '2020-11-04', 12, 4, 'Art_3.jpg', '0'),
(4, 6, '吃飽超爽!', '沒什麼比累了一整天吃到好吃的食物還開心的!!', '2020-11-09', 2, 4, 'Art_4.jpg', '1'),
(10, 5, '好吃的拉麵!', '拉麵好吃', '2020-11-22', NULL, NULL, 'Art_5.jpeg', '1'),
(11, 6, '拉麵真的好吃', '我覺得厲害', '2020-11-22', NULL, NULL, 'Art_11.jpeg', '1'),
(12, 7, '喜歡和朋友一起吃飯', '我有朋友了!', '2020-11-22', NULL, NULL, 'Art_12.jpeg', '0'),
(13, 8, '在這裡可以交到朋友耶', '好開心', '2020-11-22', NULL, NULL, 'Art_13.jpeg', '0'),
(14, 10, '以後吃不到怎麼辦', '太好吃啦', '2020-11-22', NULL, NULL, 'Art_14.jpeg', '1');

-- --------------------------------------------------------

--
-- 資料表結構 `food_group`
--

DROP TABLE IF EXISTS `food_group`;
CREATE TABLE IF NOT EXISTS `food_group` (
  `GROUP_NO` int(11) NOT NULL AUTO_INCREMENT,
  `RES_NO` int(11) NOT NULL,
  `MEMBER` int(11) NOT NULL,
  `GROUP_NAME` varchar(20) NOT NULL,
  `START_TIME` date NOT NULL,
  `END_TIME` date NOT NULL,
  `MAX_NUMBER` int(11) NOT NULL,
  `JOIN_NUMBER` int(11) NOT NULL,
  `MEAL_TIME` datetime NOT NULL,
  PRIMARY KEY (`GROUP_NO`),
  KEY `RES_NO` (`RES_NO`),
  KEY `MEMBER` (`MEMBER`)
) ENGINE=InnoDB AUTO_INCREMENT=43 DEFAULT CHARSET=utf8;

--
-- 資料表的匯出資料 `food_group`
--

INSERT INTO `food_group` (`GROUP_NO`, `RES_NO`, `MEMBER`, `GROUP_NAME`, `START_TIME`, `END_TIME`, `MAX_NUMBER`, `JOIN_NUMBER`, `MEAL_TIME`) VALUES
(1, 8, 37, '吃肉愛環保', '2020-11-01', '2020-11-27', 4, 2, '2020-11-28 00:00:00'),
(2, 10, 36, '朋友們吃鍋囉!', '2020-10-31', '2020-11-26', 2, 1, '2020-11-27 00:00:00'),
(3, 3, 35, '我想要偽出國QQ', '2020-11-01', '2020-11-26', 4, 3, '2020-11-28 00:00:00'),
(4, 14, 33, '歐郎愛甲馬', '2020-11-05', '2020-11-29', 3, 2, '2020-11-30 00:00:00'),
(5, 11, 32, '人家想吃海鮮', '2020-11-11', '2020-12-01', 2, 2, '2020-12-03 19:00:00'),
(6, 11, 34, '下午茶開起來', '2020-11-20', '2020-11-30', 4, 2, '2020-11-30 06:21:00'),
(7, 11, 31, '吃吃吃起來', '2020-11-11', '2020-11-30', 4, 2, '2020-11-30 06:19:00'),
(8, 12, 30, '愛吃團', '2020-11-14', '2020-11-28', 4, 4, '2020-11-30 13:15:00'),
(9, 12, 29, '朋友們吃飯囉!!!', '2020-11-27', '2020-11-28', 3, 2, '2020-12-02 17:00:00'),
(10, 8, 28, '94愛吃肉', '2020-11-28', '2020-12-02', 4, 1, '2020-12-03 06:19:00'),
(11, 13, 26, '巴豆腰', '2020-12-03', '2020-12-05', 2, 1, '2020-11-16 18:30:00'),
(12, 13, 27, '開心吃', '2020-11-28', '2020-11-30', 3, 1, '2020-12-03 00:00:00'),
(13, 13, 25, '吃爆麵食', '2020-12-05', '2020-12-08', 4, 2, '2020-11-16 12:30:00'),
(14, 5, 22, '吃海鮮啦', '2020-11-26', '2020-11-28', 4, 1, '2020-11-30 12:00:00'),
(15, 5, 23, '吃不停', '2020-11-25', '2020-11-27', 3, 2, '2020-11-30 16:00:00'),
(16, 12, 24, '好餓好餓', '2020-11-27', '2020-11-28', 2, 2, '2020-11-30 13:00:00'),
(17, 12, 20, '交個朋友><', '2020-11-26', '2020-11-30', 2, 2, '2020-12-02 17:00:00'),
(18, 12, 21, '比賽輸了約吃QQ', '2020-11-03', '2020-11-26', 4, 2, '2020-11-27 00:00:00'),
(19, 21, 19, '感覺好好吃唷><', '2020-11-28', '2020-11-30', 4, 3, '2020-11-17 12:00:00'),
(20, 21, 18, '餓了', '2020-12-12', '2020-12-15', 4, 2, '2020-12-19 17:00:00'),
(21, 21, 17, '吃膩銅鑼燒惹~!!', '2020-12-03', '2020-12-05', 4, 2, '2020-12-10 16:00:00'),
(22, 27, 15, '肉!!!!!!!!!!!', '2020-12-10', '2020-12-12', 3, 1, '2020-12-16 12:40:00'),
(23, 27, 14, '朋友們吃起來', '2020-12-03', '2020-12-05', 4, 1, '2020-12-16 17:45:00'),
(24, 25, 16, '牛牛我的愛', '2020-12-01', '2020-12-03', 2, 1, '2020-12-09 19:00:00'),
(25, 24, 13, '約吃一波啦', '2020-11-28', '2020-12-01', 3, 1, '2020-12-04 18:30:00'),
(26, 24, 12, '聽說這家粉好吃~!', '2020-12-02', '2020-12-04', 3, 2, '2020-12-10 18:30:00'),
(27, 22, 10, '炸起來', '2020-12-03', '2020-12-05', 4, 2, '2020-12-10 20:00:00'),
(28, 22, 11, '想吃雞', '2020-11-27', '2020-11-29', 3, 2, '2020-12-03 16:20:00'),
(29, 22, 9, '呷奔~!!!!', '2020-11-30', '2020-12-01', 3, 1, '2020-12-03 11:40:00'),
(30, 22, 8, '貓咪吃雞肉', '2020-12-04', '2020-12-08', 4, 2, '2020-12-17 19:00:00'),
(31, 1, 7, '牛排控!', '2020-12-04', '2020-12-05', 3, 1, '2020-12-13 17:00:00'),
(32, 23, 4, '吃看看', '2020-12-10', '2020-12-12', 4, 1, '2020-12-14 18:00:00'),
(33, 27, 6, '這間爆好吃!!', '2020-11-27', '2020-11-29', 2, 1, '2020-12-01 18:00:00'),
(34, 27, 5, '徵友吃飯', '2020-12-03', '2020-12-05', 4, 2, '2020-12-07 16:20:00'),
(37, 23, 3, '開吃啦!!!!!', '2020-11-27', '2020-11-29', 4, 1, '2020-11-30 17:30:00'),
(38, 23, 2, '快來認識我~~~', '2020-11-28', '2020-11-29', 3, 2, '2020-11-30 19:00:00'),
(39, 1, 1, '我愛吃排排', '2020-11-29', '2020-11-30', 2, 1, '2020-11-30 19:00:00'),
(40, 3, 40, '吃飽飽', '2020-11-23', '2020-11-26', 4, 1, '2020-11-27 18:00:00');

-- --------------------------------------------------------

--
-- 資料表結構 `food_group_collection`
--

DROP TABLE IF EXISTS `food_group_collection`;
CREATE TABLE IF NOT EXISTS `food_group_collection` (
  `FGC_NO` int(11) NOT NULL AUTO_INCREMENT,
  `MEMBER_NO` int(11) NOT NULL,
  `GROUP_NO` int(11) NOT NULL,
  PRIMARY KEY (`FGC_NO`),
  KEY `MEMBER_NO` (`MEMBER_NO`),
  KEY `GROUP_NO` (`GROUP_NO`)
) ENGINE=InnoDB AUTO_INCREMENT=24 DEFAULT CHARSET=utf8;

--
-- 資料表的匯出資料 `food_group_collection`
--

INSERT INTO `food_group_collection` (`FGC_NO`, `MEMBER_NO`, `GROUP_NO`) VALUES
(3, 1, 3),
(4, 1, 4),
(5, 1, 1),
(6, 1, 7),
(7, 1, 10),
(8, 1, 13),
(9, 3, 7),
(10, 3, 3),
(12, 3, 2),
(13, 3, 10),
(14, 3, 11),
(15, 3, 12),
(16, 3, 14),
(17, 3, 16),
(18, 3, 17),
(19, 1, 2),
(20, 40, 4),
(21, 40, 9),
(22, 40, 11),
(23, 40, 37);

-- --------------------------------------------------------

--
-- 資料表結構 `food_group_people`
--

DROP TABLE IF EXISTS `food_group_people`;
CREATE TABLE IF NOT EXISTS `food_group_people` (
  `FGP` int(11) NOT NULL AUTO_INCREMENT,
  `GROUP_NO` int(11) NOT NULL,
  `MEMBER_NO` int(11) NOT NULL,
  `MEMBER_STATUS` int(11) NOT NULL COMMENT '0:邀請中 1:同意邀請 2:申請加入 3:允許加入',
  PRIMARY KEY (`FGP`),
  KEY `GROUP_NO` (`GROUP_NO`),
  KEY `MEMBER_NO` (`MEMBER_NO`)
) ENGINE=InnoDB AUTO_INCREMENT=75 DEFAULT CHARSET=utf8;

--
-- 資料表的匯出資料 `food_group_people`
--

INSERT INTO `food_group_people` (`FGP`, `GROUP_NO`, `MEMBER_NO`, `MEMBER_STATUS`) VALUES
(1, 1, 2, 3),
(2, 1, 3, 3),
(4, 7, 2, 3),
(5, 7, 3, 3),
(7, 5, 1, 3),
(8, 15, 1, 3),
(9, 4, 1, 3),
(10, 10, 1, 3),
(11, 6, 1, 3),
(12, 13, 1, 3),
(15, 2, 10, 3),
(16, 3, 9, 3),
(17, 8, 13, 3),
(18, 9, 3, 3),
(19, 11, 5, 3),
(20, 12, 8, 3),
(21, 14, 1, 3),
(22, 16, 3, 3),
(23, 17, 3, 3),
(24, 18, 3, 3),
(25, 19, 9, 3),
(26, 20, 4, 3),
(27, 21, 8, 3),
(28, 22, 12, 3),
(29, 23, 6, 3),
(30, 24, 11, 3),
(31, 25, 2, 3),
(32, 26, 15, 3),
(33, 27, 3, 3),
(37, 23, 12, 3),
(38, 24, 7, 3),
(39, 25, 5, 3),
(40, 26, 7, 3),
(41, 27, 4, 3),
(42, 28, 15, 3),
(43, 29, 3, 3),
(44, 30, 14, 3),
(45, 30, 13, 3),
(46, 31, 4, 3),
(47, 32, 2, 3),
(48, 33, 2, 3),
(49, 34, 7, 3),
(50, 37, 7, 3),
(51, 38, 3, 3),
(59, 37, 1, 3),
(60, 14, 18, 3),
(61, 2, 18, 3),
(62, 9, 18, 3),
(67, 38, 18, 3),
(69, 37, 40, 3),
(70, 40, 2, 0),
(71, 40, 3, 0),
(72, 40, 1, 0),
(73, 40, 18, 0),
(74, 40, 7, 0);

-- --------------------------------------------------------

--
-- 資料表結構 `member_management`
--

DROP TABLE IF EXISTS `member_management`;
CREATE TABLE IF NOT EXISTS `member_management` (
  `MEMBER_NO` int(11) NOT NULL AUTO_INCREMENT,
  `MEMBER_NAME` varchar(20) NOT NULL DEFAULT '新會員',
  `MEMBER_AGE` varchar(11) NOT NULL,
  `MEMBER_SEX` varchar(1) NOT NULL,
  `MEMBER_ID` varchar(20) NOT NULL,
  `MEMBER_PSW` varchar(20) NOT NULL,
  `MEMBER_EMAIL` varchar(20) NOT NULL,
  `MEMBER_IMAGE` varchar(65) DEFAULT 'user.png',
  `MEMBER_INTRODUCTION` varchar(65) DEFAULT '來點自介吧',
  PRIMARY KEY (`MEMBER_NO`)
) ENGINE=InnoDB AUTO_INCREMENT=41 DEFAULT CHARSET=utf8;

--
-- 資料表的匯出資料 `member_management`
--

INSERT INTO `member_management` (`MEMBER_NO`, `MEMBER_NAME`, `MEMBER_AGE`, `MEMBER_SEX`, `MEMBER_ID`, `MEMBER_PSW`, `MEMBER_EMAIL`, `MEMBER_IMAGE`, `MEMBER_INTRODUCTION`) VALUES
(1, '蠔嗲由 ', '25↓', '女', '1', '1 ', 'qwe@gmail.com ', 'headshot1.jpg', '你好，我愛環保，齁打啦舒服! '),
(2, '姆咪', '25↓', '女', '2', '2', 'jjgg@gmail.com', 'headshot02.png', '安安'),
(3, '哈洽馬 ', '25↓', '女', '3', '3', 'aaa123@gmail.com', 'headshot03.jpg', '今天哈洽馬了嗎'),
(4, '貓咪是我', '25↓', '男', '4', '4', 'bbb123@gmail.com', 'headshot04.jpg', '今天吸貓了嗎'),
(5, '佩恩', '25↓', '男', '5', '5', 'ccc123@gmail.com', 'headshot05.jpeg', ' 一袋米要抗幾樓，一袋米要抗二樓，一袋米有好多累，一袋米要我洗嘞，口口有泥，誰給你一袋米呦，辛辣天森！'),
(6, '歐郎', '25↓', '男', '6', '6', 'ddd123@gmail.com', 'headshot06.png', '塑膠吸管好用，吸管就是該插鼻孔'),
(7, '黃小花', '25↓', '女', '7', '7', 'eee123@gmail.com', 'headshot07.png', '嗨嗨嗨嗨嗨'),
(8, '王小明', '25↓', '男', '8', '8', 'fff1234567@gamil.com', 'headshot08.png', '叫做小明的不是大好就是大壞....'),
(9, '錢夫人', '25↓', '女', '9', '9', 'fff1234567@gamil.com', 'headshot09.png', 'hello i love money! give me money!'),
(10, '拜登哭哭', '25↓', '男', '10', '10', 'bdqq@gamil.com', 'headshot10.png', '我是拜登美國宗痛'),
(11, '我川威武', '25↓', '男', '11', '11', 'trump22@gamil.com', 'headshot11.png', '輸了只好回家種田'),
(12, '多啦A夢', '25↓', '男', '12', '12', 'doraam77@gamil.com', 'headshot12.png', '我是21世紀的機器貓!!'),
(13, '廢物大雄', '25↓', '男', '13', '13', 'bigxion33@gamil.com', 'headshot13.png', '吃飽睡好健康快樂沒煩惱'),
(14, '愛乾淨的靜香', '25↓', '女', '14', '14', 'loveuu12@gamil.com', 'headshot14.png', '愛整潔守秩序'),
(15, '胖虎', '25↓', '男', '15', '15', 'singking44@gamil.com', 'headshot15.png', '我是胖虎我是孩子王'),
(16, '阿蘭', '25↓', '男', '16', '16', 'singking@gamil.com', 'user.png', '來點自介吧'),
(17, '為什麼要抄襲', '56↑', '女', 'whylie', 'whylie', 'lie@gmail.com', 'user.png', '喜歡就抄襲全家死光光'),
(18, '金城武 ', '25↓', '男', '20', '12345 ', '12345@gmail.coom ', 'headshot18.jpg', '我愛黎明 '),
(19, '橘子', '45↓', '女', '11111', '11111', '11111@gmail.com', 'headshot19.jpg', '來點自介吧'),
(20, '柚子', '20', '1', '20', '20', 'fff1234543@gamil.com', 'headshot20.jpg', '哈囉你好嗎'),
(21, '花媽', '45', '2', '21', '21', 'bdqqaa@gamil.com', 'headshot21.jpg', '橘子阿!!!!!!'),
(22, '阿兩', '40', '1', '22', '22', 'trump2211@gamil.com', 'headshot22.jpeg', '弄丟無護j!!!!!'),
(23, '中川', '25', '1', '23', '23', 'bdqqrich@gamil.com', 'headshot23.jpg', '前輩!!!!!'),
(24, '白鳥麗次', '35', '1', '24', '24', 'trump2228@gamil.com', 'headshot24.jpg', '恩~~~~~'),
(25, '大原大次郎', '45', '1', '25', '25', 'bigxion38@gamil.com', 'headshot25.jpg', '兩津!!!!!!!'),
(26, '檸檬', '20', '2', '26', '26', 'fff1234597@gamil.com', 'headshot26.jpg', '壽司好吃~~'),
(27, '撒斯gay', '20', '1', '27', '27', 'fff1234507@gamil.com', 'headshot27.jpg', '拿怒豆!!!!!!!'),
(28, '拿怒豆', '20', '1', '28', '28', 'bigxion398@gamil.com', 'headshot28.jpg', '撒斯gay!!!!!!!'),
(29, '博人', '15', '1', '29', '29', 'trump12@gamil.com', 'headshot29.jpg', '我就屁孩!!!!!'),
(30, '路飛', '25', '1', '30', '30', 'trump982@gamil.com', 'headshot30.jpg', '我要吃肉!!!!!'),
(31, '儸儸亞', '25', '1', '31', '31', 'trump02@gamil.com', 'headshot31.jpg', '我要成為路痴王!!!!!'),
(32, '騙人不', '26', '1', '32', '32', 'fff1204567@gamil.com', 'headshot32.jpg', '我是有3000手下的男人!!!!'),
(33, '娜美', '24', '2', '33', '33', 'fff1234507@gamil.com', 'headshot33.png', '騙錢囉!!!!'),
(34, '喬八', '15', '1', '34', '34', 'trum022@gamil.com', 'headshot34.jpg', '我才不會害羞哩!!!!'),
(35, '布魯克', '60', '1', '35', '35', 'singking7@gamil.com', 'headshot35.jpg', '來點自介吧'),
(36, '洨瓔', '35', '2', '36', '36', 'fff120567@gamil.com', 'headshot36.jpg', '佐助~~~~'),
(37, '聰明小杉', '20', '1', '37', '37', 'trump22@gamil.com', 'headshot37.jpg', '你好'),
(38, '1122334455', '25↓', '男', '1122334455', '1122334455', '1122334455@gmail.com', 'user.png', '1122334455'),
(39, '333', '25↓', '男', '333', '333', '333', 'user.png', '333'),
(40, '皮卡丘 ', '25↓', '男', '1123yoyo', '1123yoyoyo ', '1123yoyoyo@mail.com ', 'headshot40.jpg', '皮卡皮卡 ');

-- --------------------------------------------------------

--
-- 資料表結構 `report_article_message`
--

DROP TABLE IF EXISTS `report_article_message`;
CREATE TABLE IF NOT EXISTS `report_article_message` (
  `ARTICLE_MES_RE_NO` int(11) NOT NULL AUTO_INCREMENT,
  `ARTICLE_NO` int(11) NOT NULL,
  `ARTICLE_MES_NO` int(11) NOT NULL,
  `ART_MES_REPORT_REASON` text NOT NULL,
  `ART_MES_REPORT_TIME` datetime NOT NULL,
  `ART_MES_REPORT_STATUS` char(1) NOT NULL,
  PRIMARY KEY (`ARTICLE_MES_RE_NO`),
  KEY `ARTICLE_NO` (`ARTICLE_NO`),
  KEY `ARTICLE_MES_NO` (`ARTICLE_MES_NO`)
) ENGINE=InnoDB DEFAULT CHARSET=utf8;

-- --------------------------------------------------------

--
-- 資料表結構 `report_restaurant_message`
--

DROP TABLE IF EXISTS `report_restaurant_message`;
CREATE TABLE IF NOT EXISTS `report_restaurant_message` (
  `RES_MES_RE_NO` int(11) NOT NULL AUTO_INCREMENT,
  `MESSAGE_NO` int(11) NOT NULL,
  `RES_MES_REPORT_REASON` text NOT NULL,
  `RES_MES_REPORT_TIME` datetime NOT NULL,
  `RES_MES_REPORT_STATUS` char(1) NOT NULL COMMENT '0:待處理\r\n1:下架\r\n2:不下架',
  PRIMARY KEY (`RES_MES_RE_NO`),
  KEY `MESSAGE_NO` (`MESSAGE_NO`)
) ENGINE=InnoDB AUTO_INCREMENT=15 DEFAULT CHARSET=utf8;

--
-- 資料表的匯出資料 `report_restaurant_message`
--

INSERT INTO `report_restaurant_message` (`RES_MES_RE_NO`, `MESSAGE_NO`, `RES_MES_REPORT_REASON`, `RES_MES_REPORT_TIME`, `RES_MES_REPORT_STATUS`) VALUES
(3, 5, '', '2020-11-18 10:58:11', '0'),
(4, 5, '.', '2020-11-18 10:58:15', '1'),
(5, 2, '', '2020-11-19 10:30:53', '2'),
(6, 2, '231', '2020-11-19 10:30:56', '2'),
(11, 1, '112233', '2020-11-22 11:21:31', '1'),
(14, 48, '亂源', '2020-11-23 11:30:45', '0');

-- --------------------------------------------------------

--
-- 資料表結構 `restaurant_collection`
--

DROP TABLE IF EXISTS `restaurant_collection`;
CREATE TABLE IF NOT EXISTS `restaurant_collection` (
  `RC_NO` int(11) NOT NULL AUTO_INCREMENT,
  `MEMBER_NO` int(11) NOT NULL,
  `RES_NO` int(11) NOT NULL,
  PRIMARY KEY (`RC_NO`),
  KEY `MEMBER_NO` (`MEMBER_NO`),
  KEY `RES_NO` (`RES_NO`)
) ENGINE=InnoDB AUTO_INCREMENT=177 DEFAULT CHARSET=utf8;

--
-- 資料表的匯出資料 `restaurant_collection`
--

INSERT INTO `restaurant_collection` (`RC_NO`, `MEMBER_NO`, `RES_NO`) VALUES
(63, 1, 4),
(64, 1, 5),
(68, 1, 1),
(72, 1, 4),
(73, 1, 8),
(74, 1, 7),
(75, 1, 6),
(76, 2, 1),
(77, 2, 2),
(78, 2, 3),
(79, 2, 4),
(80, 2, 5),
(81, 2, 6),
(82, 2, 7),
(83, 2, 8),
(84, 3, 1),
(85, 3, 2),
(86, 3, 3),
(87, 3, 4),
(88, 4, 1),
(89, 4, 2),
(90, 4, 3),
(91, 4, 4),
(92, 4, 8),
(93, 4, 7),
(94, 4, 6),
(95, 4, 5),
(96, 16, 1),
(97, 6, 4),
(98, 6, 3),
(99, 6, 2),
(100, 6, 1),
(101, 6, 8),
(102, 6, 7),
(103, 6, 6),
(104, 6, 5),
(105, 16, 2),
(106, 7, 1),
(107, 7, 2),
(108, 7, 3),
(110, 7, 4),
(111, 7, 8),
(112, 7, 7),
(113, 7, 6),
(114, 7, 5),
(115, 15, 2),
(116, 8, 1),
(117, 8, 2),
(118, 8, 3),
(119, 8, 4),
(120, 8, 8),
(121, 8, 7),
(122, 8, 6),
(123, 8, 5),
(124, 15, 4),
(125, 9, 1),
(126, 9, 2),
(127, 9, 3),
(128, 9, 4),
(129, 14, 4),
(130, 9, 8),
(131, 9, 7),
(132, 9, 6),
(133, 9, 5),
(134, 10, 4),
(135, 10, 3),
(136, 10, 2),
(137, 10, 1),
(138, 10, 8),
(139, 10, 7),
(140, 10, 6),
(141, 10, 5),
(142, 11, 4),
(143, 11, 3),
(144, 11, 2),
(145, 11, 1),
(146, 11, 8),
(147, 11, 7),
(148, 11, 6),
(149, 11, 5),
(150, 12, 4),
(151, 12, 3),
(152, 12, 2),
(153, 12, 1),
(154, 12, 8),
(155, 12, 7),
(156, 12, 6),
(157, 12, 5),
(158, 14, 5),
(159, 13, 1),
(160, 13, 2),
(161, 13, 3),
(162, 13, 4),
(163, 13, 3),
(164, 13, 7),
(166, 1, 3),
(168, 1, 2),
(169, 18, 21),
(170, 18, 1),
(171, 18, 2),
(173, 3, 8),
(174, 40, 15),
(175, 40, 14),
(176, 3, 14);

-- --------------------------------------------------------

--
-- 資料表結構 `restaurant_kind`
--

DROP TABLE IF EXISTS `restaurant_kind`;
CREATE TABLE IF NOT EXISTS `restaurant_kind` (
  `KIND_NO` int(11) NOT NULL AUTO_INCREMENT,
  `KIND_NAME` varchar(20) NOT NULL,
  PRIMARY KEY (`KIND_NO`)
) ENGINE=InnoDB AUTO_INCREMENT=6 DEFAULT CHARSET=utf8;

--
-- 資料表的匯出資料 `restaurant_kind`
--

INSERT INTO `restaurant_kind` (`KIND_NO`, `KIND_NAME`) VALUES
(1, '日式'),
(2, '西式'),
(3, '中台'),
(4, '韓式'),
(5, '東南亞');

-- --------------------------------------------------------

--
-- 資料表結構 `restaurant_management`
--

DROP TABLE IF EXISTS `restaurant_management`;
CREATE TABLE IF NOT EXISTS `restaurant_management` (
  `RES_NO` int(11) NOT NULL AUTO_INCREMENT,
  `RES_NAME` varchar(20) NOT NULL,
  `RES_STYLE` int(11) NOT NULL,
  `RES_KIND` int(11) NOT NULL,
  `RES_ADDRESS` varchar(65) NOT NULL,
  `RES_TEL` char(10) NOT NULL,
  `RES_HOURS` char(7) NOT NULL COMMENT '0:星期日1:星期一2:星期3:星期三4:星期四5:星期五6:星期六',
  `RES_INTRODUCTION` varchar(300) NOT NULL,
  `RES_IMAGE1` varchar(30) DEFAULT NULL,
  `RES_IMAGE2` varchar(30) DEFAULT NULL,
  `RES_IMAGE3` varchar(30) DEFAULT NULL,
  `RES_IMAGE4` varchar(30) DEFAULT NULL,
  `RES_SUMMARY` varchar(100) NOT NULL,
  `RES_BUS_HOURS` datetime DEFAULT NULL,
  `COLLECTION_NUMBER` int(11) DEFAULT NULL,
  `OPEN_GROUP_NUMBER` int(11) DEFAULT NULL,
  `RES_STATUS` char(1) NOT NULL COMMENT '0:歇業中\r\n1:營業中\r\n2:已倒閉\r\n',
  `RES_START` datetime NOT NULL,
  `RES_CLOSE` datetime NOT NULL,
  PRIMARY KEY (`RES_NO`),
  KEY `RES_STYLE` (`RES_STYLE`),
  KEY `RES_KIND` (`RES_KIND`)
) ENGINE=InnoDB AUTO_INCREMENT=29 DEFAULT CHARSET=utf8;

--
-- 資料表的匯出資料 `restaurant_management`
--

INSERT INTO `restaurant_management` (`RES_NO`, `RES_NAME`, `RES_STYLE`, `RES_KIND`, `RES_ADDRESS`, `RES_TEL`, `RES_HOURS`, `RES_INTRODUCTION`, `RES_IMAGE1`, `RES_IMAGE2`, `RES_IMAGE3`, `RES_IMAGE4`, `RES_SUMMARY`, `RES_BUS_HOURS`, `COLLECTION_NUMBER`, `OPEN_GROUP_NUMBER`, `RES_STATUS`, `RES_START`, `RES_CLOSE`) VALUES
(1, '牛篷牛排', 1, 2, '桃園市中壢區中美路一段3號(監理站對面)', '03-4015503', '1011111', '澳大利亞穀物飼養150天的安格斯牛，採用日本和牛飼養方式，追求肉質口感及香氣，從選牛、養殖、屠宰、包裝，每一步驟無不精雕細琢、一絲不苟，千挑百選都是為了讓大家用最經濟的價格、享受最頂級的食材!\r\n\r\n每一口牛肉，飽滿肉汁如瀑布般充滿口腔，牛肉的香氣直通喉底、餘韻綿長，軟嫩口感的頂級牛肉，令人欲罷不能\r\n，來這裡盡情享受大口吃牛排的幸福人生。\r\n\r\n原味牛排的料理方式，充分吃到原型食物的美味，然的五分熟肉汁在口中清脆化開，香氣充滿鼻腔，牛肉鮮甜展露無遺，套餐附餐部分也相當用心，味道濃醇，用料紮實!老闆廚藝高超，待人親切，在這裡用餐自在放鬆！誠心推薦一家好餐廳，一家值得再訪三訪的美味廚房！', '牛篷_1.jpg', '牛篷_2.jpg', '牛篷_3.jpg', '牛篷_4.jpg', '澳大利亞穀物飼養150天的安格斯牛，採用日本和牛飼養方式，追求肉質口感及香氣，從選牛、養殖、屠宰、包裝，每一步驟無不精雕細琢、一絲不苟，千挑百選都是為了讓大家用最經濟的價格、享受最頂級的食材', NULL, NULL, NULL, '1', '2020-11-20 11:00:00', '2020-11-20 20:30:00'),
(2, 'MoM\'s TOUCH', 2, 4, '桃園市中壢區中正路272號', '03-4566600', '1111111', '2004年創立於韓國首爾，經過了十餘年的發展，至2016年底韓國總店數已經突破1000家，躍昇為韓國炸雞領導品牌。炸得香噴噴的韓式酥脆炸雞淋上又甜又辣的醬汁!光用想像的就覺得非常美味，而且不像其他連鎖速食店的炸雞有雞胸、雞翅的部位...MoM\'s TOUCH的紙盒一打開，裡面滿滿都是炸雞腿，左手一根、右手一根...啃起來是多麼地過癮呀!\r\n\r\n肉質不錯，服務也很好、很貼心!裹著微辣酸甜辣醬，結合酥脆濕潤口感，新鮮現炸趁熱品嚐。酥脆的原味炸雞柳，灑上各式口味撒料，起司粉、咖哩粉都好吃。特製紅醬年糕雞塊，炸年糕和無骨雞塊，甜紅醬濃郁口感佳。現點現炸鮮嫩可口，非常喜歡這的炸雞！', 'MoM\'sTouch_1.jpg', 'MoM\'sTouch_2.jpg', 'MoM\'sTouch_3.jpg', 'MoM\'sTouch_4.jpg', '2004年創立於韓國首爾，經過了十餘年的發展，至2016年底韓國總店數已經突破1000家，躍昇為韓國炸雞領導品牌。炸得香噴噴的韓式酥脆炸雞淋上又甜又辣的醬汁!光用想像的就覺得非常美味....', NULL, NULL, NULL, '', '2020-11-20 11:00:00', '2020-11-20 21:00:00'),
(3, '鳴心越南牛肉河粉', 6, 5, '桃園市中壢區中正路268號', '03-4260942', '1111011', '中壢是異國料理的美食天堂!火車站附近真的有種置身在東南亞國家的感覺，因為移工很多，所以那一帶相因而生開了許多東南亞的商店、餐廳，「鳴心越南牛肉河粉」，聽起來很像一間河粉專賣店，不過提供的菜色比想像中還豐富多了，品項林林總總有七、八十種以上，而且經濟實惠又美味，不只外籍人士喜歡來這裡用餐，連很多台灣民眾也慕名前往。價格親民又好吃，值得推薦!\r\n\r\n越式烤肉好吃到爆，口味偏重，配著生菜就口太棒了！店內的用餐環境讓人彷彿來到了越南，很有異國風情而且維持得乾淨，內部裝潢比其他店家來得更多在地越南的造型燈籠，加上他有販售非常多的越式河粉及生春捲，在地小吃及調味醬等等可外帶， 喜歡越式小吃的可以去嚐嚐囉!', '鳴心_1.jpg', '鳴心_2.jpg', '鳴心_3.jpg', '鳴心_4.jpg', '中壢是異國料理的美食天堂!火車站附近真的有種置身在東南亞國家的感覺，因為移工很多，所以那一帶相因而生開了許多東南亞的商店、餐廳，「鳴心越南牛肉河粉」，聽起來很像一間河粉專賣店....', NULL, NULL, NULL, '1', '2020-11-20 07:30:00', '2020-11-20 20:30:00'),
(4, '花間小路咖啡館', 6, 2, '桃園市中壢區中原大學周邊(實踐路與日新路)', '03-4268900', '1111111', '位於恬靜清幽的巷弄內，花草芬芳的環境，熟悉的機器蒸奶聲，輕啜一口悠閒，品嚐一份時光，希望來這的你，可以自在地享受與自己的對話。生菜沙拉真的很有誠意，它使用的生菜種類跟一般的不太一樣，有苦中帶甘的菊苣，跟香甜多汁的橘瓣等等。店內設計及裝潢採溫馨路線、富有質感。\r\n\r\n店員親切待客有禮，環境佳，座位舒適，空間沒壓迫感，很適合放鬆喝下午茶，時尚又雅緻，咖啡豆，和咖啡包都有，下午茶好去處，咖啡豆有特別嚴選，有別於附近的咖啡館。蛋糕吃下口中味覺直撲嗅覺，彷彿眼前有片保加利亞玫瑰花園，淡香是一種享受，而不像咀嚼人工香料的劣質品，是讓人心情非常愉悅的店，可以來放鬆或學習的好地方!', '花間小路咖啡館_1.jpg', '花間小路咖啡館_2.jpg', '花間小路咖啡館_3.jpg', '花間小路咖啡館_4.jpg', '位於恬靜清幽的巷弄內，花草芬芳的環境，熟悉的機器蒸奶聲，輕啜一口悠閒，品嚐一份時光，希望來這的你，可以自在地享受與自己的對話。生菜沙拉真的很有誠意，它使用的生菜種類跟一般的不太一樣....', NULL, NULL, NULL, '', '2020-11-20 07:30:00', '2020-11-20 19:30:00'),
(5, '丼飯專門店', 5, 1, '桃園市中壢區廣安街32號', '03-4220605', '1111111', '日式風格的海鮮丼飯專賣店，採用QRcode自行點餐，食材新鮮 ，料理美味，熱湯醋飯免費加，視覺味覺雙到味的鮮美丼飯讓人驚豔，服務人員親切又細心，整體用餐CP值很不錯！坐著做招牌海鮮丼很飽足，並且鮮度十足。三色蒸蛋是海膽，鮭魚卵，松葉蟹肉，但個人覺得海膽跟蒸蛋的搭配比較讚。最後最重要的是味噌湯超級讚，用一堆蝦殼熬煮，無限續湯跟續飯。\r\n\r\n食材新鮮鮮度十足，醋飯酸度剛好，荒海海鮮手捲丼，有生魚片切塊海膽和蝦子，各品項都挺不錯的，松露蒸蛋好吃，湯汁很香。味噌湯的蝦味很濃郁，續湯的大鍋湯底濃郁十足，有鮭魚骨肉、蝦頭、蝦殼、螃蟹殼。店員服務態度很好，氣氛也不錯，吃起來還很滿足。', '坐著做海鮮丼飯專門店_1.jpg', '坐著做海鮮丼飯專門店_2.jpg', '坐著做海鮮丼飯專門店_3.jpg', '坐著做海鮮丼飯專門店_4.jpg', '日式風格的海鮮丼飯專賣店，採用QRcode自行點餐，食材新鮮 ，料理美味，熱湯醋飯免費加，視覺味覺雙到味的鮮美丼飯讓人驚豔，服務人員親切又細心，整體用餐CP值很不錯...', NULL, NULL, NULL, '', '2020-11-20 11:30:00', '2020-11-20 21:00:00'),
(6, '米蘭瑪', 5, 5, '桃園市中壢區過嶺里福達路二段1巷56號', '03-4580559', '1000001', '黃薑飯是用椰奶加薑黃烹製的米飯，米飯整個吃起來香氣十足，配著豐富滿滿的配料一起吃，真的很棒！沙嗲的醬汁有著花生醬的香氣，吃起來鹹甜鹹甜，味道很夠，烤肉串也很軟嫩好吃；飯塊是用糯米所做的。現點現做的沙嗲加飯塊要等候一些歇的時間，但真要說等候是值得，因為真的很好吃。\r\n\r\n服務品質還算不錯，服務人員都是印尼當地人，在這用餐有種置身在印尼餐館吃飯的感覺。餐點份量夠又很有印尼道地的口味，真心覺得非常好吃，味道真的很合胃口~ 東西不會太辣也不會太沒味道。每個同事吃了都覺得很好吃，包括印尼同事！都覺得很道地也很好吃，下次肯定會多回來幾次購買。絕對宗的“印尼料理”!\r\n如果，你能吃“辣”，推薦你來此嚐嚐! ', '米蘭瑪_1.jpg', '米蘭瑪_2.jpg', '米蘭瑪_3.jpg', '米蘭瑪_4.jpg', '黃薑飯是用椰奶加薑黃烹製的米飯，米飯整個吃起來香氣十足，配著豐富滿滿的配料一起吃，真的很棒！沙嗲的醬汁有著花生醬的香氣，吃起來鹹甜鹹甜，味道很夠，烤肉串也很軟嫩好吃.....', NULL, NULL, NULL, '', '2020-11-20 08:30:00', '2020-11-20 20:30:00'),
(7, '佰味海鮮屋', 5, 3, '桃園市中壢區中平路163號', '03-4355388', '1101111', '內壢其實快炒店不多，百味海鮮屋的菜量滿剛好的，不會太多也不會太少，可以多點幾道菜，每一樣都吃一點，價錢也不會太貴，每道菜大約都一兩百元上下。今天點了一般滿大眾的菜色，\r\n\r\n鳳梨蝦球，蝦子滿大顆的，吃的出蝦肉的Q彈，脆皮肥腸，皮脆，而不油膩，三杯茄子，意外中的好吃，松阪豬肉，是川燙切片後，加入生洋蔥，和紅蔥涼拌的，酸甜的醬汁，真的很好吃。整個吃下來，其實口味算是很不錯了，不會太鹹，大部份的菜色，都算是水準之上，而且食材也都很新鮮，火候適中，不會像一般佰元熱炒那樣重口味，每一道菜都還算清淡不會很鹹，上菜的速度和節奏也很剛好，服務人員親切，上菜懂得避開小孩子，值得推薦的好店家唷！', '佰味海鮮屋_1.jpg', '佰味海鮮屋_2.jpg', '佰味海鮮屋_3.jpg', '佰味海鮮屋_4.jpg', '內壢其實快炒店不多，百味海鮮屋的菜量滿剛好的，不會太多也不會太少，可以多點幾道菜，每一樣都吃一點，價錢也不會太貴，每道菜大約都一兩百元上下。今天點了一般滿大眾的菜色.....', NULL, NULL, NULL, '', '2020-11-20 11:30:00', '2020-11-20 22:00:00'),
(8, '嗜燒肉', 3, 1, '桃園市中壢區龍東路214號', '03-4251357', '1111111', '嗜燒肉提供精緻單點的燒肉，主要提供黑毛和牛：肉質軟嫩、油花分布均勻的黑毛和牛，並使用高溫木炭燒烤處理，提供給您黑毛和牛最原始的美味、頂級的享受！肉品部位都不同吃起來都好吃，肉味跟油脂也各有不同，濃濃奶肉香，油脂也不會過膩，雞頸肉也無敵好吃，整餐吃下來完全無雷!\r\n\r\n還有生食級干貝真的是太好吃，而且服務真的非常好，重頭到尾桌邊服務幫忙烤肉完全不需動手烤，專屬服務生烤肉功夫都神厲害，技術高超吃飯的過程很享受!烤爐邊有吸煙功能，吃完身上也不會有臭味，也非常注重衛生，還為了維護肉的品質，每烤個不同肉品就換一次網，很棒的體驗!有機會來中壢的朋友千萬別錯過，沒吃到真的會捶心肝!', '嗜燒肉_1.jpg', '嗜燒肉_2.jpg', '嗜燒肉_3.jpg', '嗜燒肉_4.jpg', '嗜燒肉提供精緻單點的燒肉，主要提供黑毛和牛：肉質軟嫩、油花分布均勻的黑毛和牛，並使用高溫木炭燒烤處理，提供給您黑毛和牛最原始的美味.....', NULL, NULL, NULL, '', '2020-11-20 17:30:00', '2020-11-20 00:00:00'),
(9, '億魚麻辣鍋', 4, 3, '桃園市中壢區中平路146號', '03-4266607', '1111111', '億魚麻辣鍋為全台首家以烤魚火鍋為主的吃到飽餐廳，提供日本和牛,波士頓龍蝦,天使紅蝦,北海道干貝等多種高級食材，因應季節提供多種新鮮蔬食,精選自助吧與醬料區,共達70多種食材無限放題。坐下後店員會親切的詢問今天是要吃鴛鴦鍋還是烤魚。\r\n\r\n這次先點了重慶烤魚一上菜就被重慶烤魚的味道所吸引很香，烤魚味道很好，香辣味十足，魚有先炸過再煮，肉質Q彈，大致上盤內都會有乾的辣椒、香菜、花生、和豆腐、詢問店員魚的品種為芙蓉魚。魚的部分上來時就可以直接食用，旁邊還有吧台可以自行挑選蔬菜和飲品。烤魚的味道蠻重的，魚肉口感不錯，不會軟爛，也沒有腥味，重點是沒什麼太細的魚刺，本身也是很討厭挑刺，所以可以放心吃。', '億魚麻辣鍋_1.jpg', '億魚麻辣鍋_2.jpg', '億魚麻辣鍋_3.jpg', '億魚麻辣鍋_4.jpg', '億魚麻辣鍋為全台首家以烤魚火鍋為主的吃到飽餐廳，提供日本和牛,波士頓龍蝦,天使紅蝦,北海道干貝等多種高級食材......', NULL, NULL, NULL, '', '2020-11-20 11:30:00', '2020-11-20 02:00:00'),
(10, '糧倉1號店鴛鴦鍋', 4, 3, '桃園市中壢區義民路151號', '03-4227343', '1111111', '六種自製特色鍋底鴛鴦鍋，美國PRIME嫩肩板腱、特選牛舌、美國極黑和牛、美國PRIME霜降牛肉、活力梅花豬吃到飽，現點現切的優質的桌邊服務，哈根達斯冰淇淋、比利時蜂雪頌冰淇淋無限享用。\r\n\r\n肉品選項相當豐富，肉質更是無話可說，肉品擺盤都相當誘人，讓人迫不及待想要吞下肚，超推薦牛舌，愛吃牛舌的人客千萬不要錯過。此外蝦滑、花枝滑真材實料，也記得要給它點下去。\r\n\r\n海鮮部份，都是相當新鮮的食材，沒有雷，可以放心點。沙拉吧除了基本飲料、咖啡外，啤酒照樣可以盡情享用。而冰品的表現也相當的大器，除了有名的哈根達斯冰淇淋外，黑醋栗與檸檬口味剛好可以解除肉吃多了的油膩感，相當清爽!', '糧倉1號_1.jpg', '糧倉1號_2.jpg', '糧倉1號_3.jpg', '糧倉1號_4.jpg', '六種自製特色鍋底鴛鴦鍋(特推麻辣雙椒鍋與牛奶味噌)，美國PRIME嫩肩板腱、特選牛舌、美國極黑和牛、美國PRIME霜降牛肉、活力梅花豬吃到飽，現點現切的優質的桌邊服務，哈根達斯冰淇淋無限享用.....', NULL, NULL, NULL, '', '2020-11-20 11:30:00', '2020-11-20 23:00:00'),
(11, '武田信玄', 5, 1, '桃園市中壢區吉林二路77號', '03-4662633', '1101111', '隱身於中壢的一個小角落，沒有華麗的裝潢，沒有太多的席次，有的是踏實的追隨季節的腳步，網羅世界各地美味的海鮮，用滿滿心意做出的料理，希望帶來足以滲透人心的幸福感，以海鮮為強項的無菜單料理，沒有華而不實的擺盤,只有至扎實且豪邁的料理，我們是一家小店，有自己的想法與構思，假如愛吃海鮮,相信您一定會愛上武田信玄。\r\n\r\n食材很多，新鮮的海鮮讓每道菜都滿足你的味蕾，可以在訂位時說明偏好的食材，看當日食材讓廚師來搭配，這樣客製化非常令人心動，每樣食材都很高級，龍蝦松露粥兩種味道都很濃厚，以無菜單料理而言，最棒的當然就是能給客人驚喜，真的很驚艷也很喜歡!', '武田信玄_1.jpg', '武田信玄_2.jpg', '武田信玄_3.jpg', '武田信玄_4.jpg', '隱身於中壢的一個小角落，沒有華麗的裝潢，沒有太多的席次，有的是踏實的追隨季節的腳步，網羅世界各地美味的海鮮，用滿滿心意做出的料理......', NULL, NULL, NULL, '', '2020-11-20 11:30:00', '2020-11-20 14:30:00'),
(12, '島福_壹號店', 3, 1, '桃園市中壢區中山路88號B1', '03-4276067', '1011111', '串烤只要35元起，丼飯95~120元就吃得到，以居酒屋來說真的算很便宜，除了環境的佈置跟餐點的賣相以外，他們都用各種不同形狀、不同圖案的器皿來裝盛餐點，有著高級居酒屋吸引人的好質感。\r\n\r\n口味不錯 擺盤好看，服務人員有關心鹹淡有沒有需要調整，店內氣氛佳 不會有重油煙味，適合小酌吃烤物，每一道料理都用心，平價又好吃的東西一定要推薦，牛奶貝超大顆又多汁必點，丼飯份量都很足夠，店內環境寬敞、乾淨，服務人員雖然忙碌但還是很親切，店內的環境很舒適，聞不到任何的油煙味，一入座就送上小菜還有熱雞湯，菜色種類不算多，但都還蠻有特色的，價格上也算合理，是讓人想再訪的一家店!', '島福_1.jpg', '島福_2.jpg', '島福_3.jpg', '島福_4.jpg', '串烤只要35元起，丼飯95~120元就吃得到，以居酒屋來說真的算很便宜，除了環境的佈置跟餐點的賣相以外，他們都用各種不同形狀、不同圖案的器皿來裝盛餐點，有著高級居酒屋吸引人的好質感.....', NULL, NULL, NULL, '', '2020-11-20 18:00:00', '2020-11-20 00:00:00'),
(13, '麵屋一撃', 6, 1, '桃園市中壢區環北路435號', '03-4336300', '1011111', '九州是「豚骨拉麵」的發源地，推薦的是「濃厚雞白湯」！叉燒肉的部份用的是炙燒過的豬梅花肉，但有分肥肉和瘦肉兩種，若你是點其他拉麵的話就會配給你一肥、一瘦的叉燒肉，這碗叉燒飯則是二肥、一瘦這樣，叉燒肉本身並沒有用很厚重的醬汁去醃漬或者塗抹，咀嚼起來除了些許醬香以及炭燒的香氣以外還保著豬肉本身肉質的甜度和嚼勁!\r\n\r\n餐廳服務態度佳，員工說明清晰。拉麵很順口，麵條硬度適中，超推薦唐揚炸雞，外皮酥脆，肉質軟嫩多汁，加上上面帶有些許調味粉，真的名副其實的「入口即化」，整體搭配恰如其分，甚至搶了不少拉麵的風采。總而言之，是一間CP很高的中壢拉麵店，非常推薦大家去試試看喔！', '一撃_1.jpg', '一撃_2.jpg', '一撃_3.jpg', '一撃_4.jpg', '九州是「豚骨拉麵」的發源地，推薦的是「濃厚雞白湯」！叉燒肉的部份用的是炙燒過的豬梅花肉，但有分肥肉和瘦肉兩種........', NULL, NULL, NULL, '', '2020-11-20 11:30:00', '2020-11-20 20:30:00'),
(14, '很牛炭燒牛排', 1, 2, '桃園市中壢區中央西路二段195號', '03-4221678', '1111111', '據說，第一個科學家是在廚房裡產生的。傳統的料理手法以及奇綴的巧思，讓每道菜品或經典湯品都閃爍著極致誘人的金光，只有牛排，才能燒起食慾與生命的星星之火。一起舉杯，共赴熱情奔放的野宴，品嚐料理的繽紛，享受愉悅。霧中尋找理想鄉，傳統烤架中飄起白煙裊裊，炭火燻烤的牛排是味覺的浩蕩旅程，從鼻尖開始，演繹感官起點。豪快的牛排滋滋上桌，濃縮的肉汁從深處橫流入口、柔軟細膩的紅肉與透亮的油脂，此時此刻，味蕾無比痴迷。\r\n\r\n環境舒適，服務態度也很好美式風的裝潢，低調又不失奢華感，牛排好吃，有簡單自助吧，湯品好喝，還有現榨柳橙汁！安格斯牛小排很軟嫩，吃原味加蒜片就可以，想細細品嚐牛肉美味者，大推！', '很牛_1.jpg', '很牛_2.jpg', '很牛_3.jpg', '很牛_4.jpg', '據說，第一個科學家是在廚房裡產生的。傳統的料理手法以及奇綴的巧思，讓每道菜品或經典湯品都閃爍著極致誘人的金光，只有牛排，才能燒起食慾與生命的星星之火。一起舉杯，共赴熱情奔放的野宴...', NULL, NULL, NULL, '', '2020-11-20 11:30:00', '2020-11-20 21:30:00'),
(15, '紅樓House Cafe 1910', 6, 2, '桃園市中壢區志廣路65號', '03-2811910', '1101111', '對大多數人而言，義大利是個散發獨特魅力的城市。想要看見不一樣的義大利，就要從日常家庭餐桌上精彩美味佳餚開始。而真正迷人的南法，藏在書店、餐廳、甜點舖和市集裡。我們將承襲當地生活步調和料理情感，烹調出食物樸實而簡單的美味。讓食材、香料、調味品、以及田園蔬果自然的香氣，時刻圍繞在美好餐桌氛圍裡，開始一場食物的旅行與想像。\r\n\r\n環境乾淨典雅，室外種植了很多植物綠意盎然，沙拉本身調味十分恰到好處，使用番茄及紅醬中和了一些生菜特有的苦味，蝦子十分新鮮，剝殼完全不沾手。燉飯完全不因吸飽醬汁而軟爛，而義大利麵條不是那種一咬即斷的直麵條，本身帶有嚼勁，是適合與好友聚會、情侶約會的好地點。', '紅樓_1.jpg', '紅樓_2.jpg', '紅樓_3.jpg', '紅樓_4.jpg', '對大多數人而言，義大利是個散發獨特魅力的城市。想要看見不一樣的義大利，就要從日常家庭餐桌上精彩美味佳餚開始。而真正迷人的南法，藏在書店、餐廳、甜點舖和市集裡....', NULL, NULL, NULL, '', '2020-11-20 11:30:00', '2020-11-20 21:00:00'),
(16, '義沐 Eat MU', 6, 2, '桃園市中壢區新生路182號10F', '03-4275880', '1101111', '使用最好的食材，所有餐點皆為現點現作，以保持肉質及海鮮的純粹口感。努力讓客人每一口都吃得安心、吃得滿足！飯店式管理的Eat MU Cafe細心照料著每一位顧客的需求，體貼的服務與靜幽的環境，讓您遠離城市的紛擾，不論談心、約會、聚餐片刻盡是享受，朵頤餐點的同時，也裝載著滿滿的回憶。\r\n\r\n燉飯的蝦殼都已撥好，吃起來有口感層次，義大利麵麵炒得很香很入味，麵條硬度也剛好，鬆餅烤得很酥脆且已切塊，很方便食用。餐點也很有水準，選擇眾多，口味濃郁但不厚重不鹹膩，燉飯米粒是緊緊裹著醬的，醬收得很乾很濃郁，保留米粒口感但沒有硬米心，熟度十分剛好，非常好吃！是個很棒很適合放鬆、聚會以及品嚐美食的地方。', '義沐_1.jpg', '義沐_2.jpg', '義沐_3.jpg', '義沐_4.jpg', '使用最好的食材，所有餐點皆為現點現作，以保持肉質及海鮮的純粹口感。努力讓客人每一口都吃得安心、吃得滿足！飯店式管理的Eat MU Cafe細心照料著每一位顧客的需求.....', NULL, NULL, NULL, '', '2020-11-20 11:00:00', '2020-11-20 21:30:00'),
(17, '阿含thai', 5, 5, '桃園市中壢區中美路二段142號', '0931077228', '1011111', '阿含thai在龍岡地區新開幕的泰式餐廳，堅持使用泰國進口的原物料跟食材！120元起就可以吃到打拋豬肉飯和綠咖哩雞肉飯，另有酸辣湯河粉、青木瓜絲、涼拌海鮮、泰式炸雞、香蕉煎餅、泰式奶茶等泰式餐點！打拋豬肉飯裡面加入了豆子和打拋葉，店家堅持選用泰國進口打拋葉，所以客人吃到的絕對不是九層塔喔！這份打拋豬肉飯吃起來大約是小辣等級，味道還挺下飯的。\r\n\r\n環境看得出有用心佈置，舒服、舒適，餐點價格合理，吃起來就是有一秒到泰國的感覺！外觀非常清邁文青小屋，走入店內被戶外座位大驚艷，根本就是清邁! 餐點不貴又好吃，冬陰功湯真是又酸又辣非常開胃，海鮮新鮮，又酸又辣，愛吃辣的會覺得很過癮! \r\n', '阿含_1.jpg', '阿含_2.jpg', '阿含_3.jpg', '阿含_4.jpg', '阿含thai在龍岡地區新開幕的泰式餐廳，堅持使用泰國進口的原物料跟食材！120元起就可以吃到打拋豬肉飯和綠咖哩雞肉飯，另有酸辣湯河粉、青木瓜絲、涼拌海鮮、泰式炸雞、香蕉煎餅、泰式奶茶等泰式餐點....', NULL, NULL, NULL, '', '2020-11-20 10:00:00', '2020-11-20 20:00:00'),
(18, '圖圖咖啡館', 5, 5, ' 桃園市中壢區龍岡路一段170號', '03-4266995', '1111111', '以創新的西式手法，呈現泰式料理的樣貌，嚴選新鮮的食材，現點現做的街頭美食，一個人也能享用喔！沒裹太多粉的炸機然後炸得外皮比較乾，咬下去以後裡面肉的部份略帶肉汁，然後香茅的香氣淡淡的，使用了檸檬、魚露、香茅、香菜、辣椒等食材去煮出來的湯汁，真的很泰國好好吃!\r\n\r\n整體環境乾淨，氣氛很好，餐點價格不貴，悠哉舒適，店員人很親切，綠咖喱雞夠辣，裡面還有加杏鮑菇很特別，雞翅配上旁邊的酸辣醬，酸酸甜甜的，外面的香蕉煎餅一般都是整個香蕉，可是圖圖的香蕉是打成泥，讓香蕉的味道更突出。悠哉的下午可以在這喝杯咖啡看看書，悠哉的度過!餐點好吃，沒收服務費但服務人員也很貼心，值得推薦的好店!', '圖圖_1.jpg', '圖圖_2.jpg', '圖圖_3.jpg', '圖圖_4.jpg', '以創新的西式手法，呈現泰式料理的樣貌，嚴選新鮮的食材，現點現做的街頭美食，一個人也能享用喔！沒裹太多粉的炸機然後炸得外皮比較乾，咬下去以後裡面肉的部份略帶肉汁....', NULL, NULL, NULL, '', '2020-11-20 10:30:00', '2020-11-20 21:30:00'),
(19, 'SU Kitchen', 3, 4, '桃園市中壢區新興路268號', '03-4162765', '1111111', '龍岡忠貞這裡超人氣的韓式烤肉店，除了韓式烤肉也有部隊鍋、特色韓食等，另外韓式小菜也無限供應讓客人吃喔！豬梅花油脂較少，吃起來富有嚼勁，而豬五花油脂較多，帶點Q彈感。牽起凹槽內的起司搭配來吃，有著起起司濃郁的香氣，吃起來真是大大滿足！\r\n\r\n布置了許多韓風的裝置，不僅料理是韓式，連飲料都是韓式，真的很像在韓國餐廳用餐，點餐時店員也會介紹菜單菜色，更會向我們推薦招牌料理，讓不常吃韓國料理的我知道如何選擇，而且還可以依個人口味調整辣度，店家真的超用心會教你烤肉，當你吃來不及烤時，店員會幫忙烤，當你小菜吃完時還會問你要不要續，而且小菜無限續，很推小菜超開胃超好吃!', 'SU_1.jpg', 'SU_2.jpg', 'SU_3.jpg', 'SU_4.jpg', '龍岡忠貞這裡超人氣的韓式烤肉店，除了韓式烤肉也有部隊鍋、特色韓食等，另外韓式小菜也無限供應讓客人吃喔！豬梅花油脂較少，吃起來富有嚼勁....', NULL, NULL, NULL, '', '2020-11-20 11:00:00', '2020-11-20 21:00:00'),
(20, '韓雞Bar', 2, 4, '桃園市中壢區普義路186號', '03-4222390', '1011111', '韓雞Bar採用溫體雞肉、連醬汁都是直接從韓國進口，一口氣大啖六種口味，辣味紅釀、去骨醒腦青蔥、蒜味炸雞、還有奶霜洋蔥通通超人氣，！酥脆的炸雞裏上滿滿的韓式辣醬，口感介於脆與濕潤之間，脆的是油炸、而濕潤則是醬汁，微軟微酥，這滋味真的好討人喜歡。辣度不會高，反而是香甜滋味更鮮明，一塊接著一塊，讓人停不下來!\r\n\r\n溫體雞肉鮮嫩多汁，青蔥炸雞皮香脆，醬汁有一點芥末的味道，紅醬炸雞甜甜微微辣，冷麵涼的很爽口!炸年糕好吃，醬汁香甜，雖然菜單有畫辣椒但真的不會很辣，肉質鮮美多嫩，口味地道，店家還會貼心幫你免費續盤醃蘿蔔，老闆親切健談服務態度極佳，裝潢明亮氣氛適合情侶用餐!', '韓雞_1.jpg', '韓雞_2.jpg', '韓雞_3.jpg', '韓雞_4.jpg', '韓雞Bar採用溫體雞肉、連醬汁都是直接從韓國進口，一口氣大啖六種口味，辣味紅釀、去骨醒腦青蔥、蒜味炸雞、還有奶霜洋蔥通通超人氣，！酥脆的炸雞裏上滿滿的韓式辣醬，口感介於脆與濕潤之間...', NULL, NULL, NULL, '', '2020-11-20 11:30:00', '2020-11-20 21:30:00'),
(21, 'Bison野牛牛排餐廳', 1, 2, '桃園市中壢區龍東路46號', '03-4660089', '1110111', '在Bison，您將享有經典美食，貼心溫馨服務以及無限的歡笑樂趣。Bison向來以提供原塊鮮切牛排為傲。全體工作夥伴唯一服務精神是-提供您與家人朋友一個超值美好的舒適用餐環境。\r\n\r\nBison在中原夜市裡面，採用高品質原塊牛肉Prime&Choice級肉品，新鮮食材，吃得到食物原始的美味。爆漿餐包跟濃湯真的超好吃，連熱紅茶也是，牛排我吃七分熟剛剛好，紐約客肉質較有嚼勁、超多汁、份量也非常有飽足感，是適合情侶約會或家庭聚餐，服務生態度親切，室內設計很有美國西部的感覺，環境舒適，中壢推薦的牛排館!', 'Bison野牛_1.jpg', 'Bison野牛_2.jpg', 'Bison野牛_3.jpg', 'Bison野牛_4.jpg', '在Bison，您將享有經典美食，貼心溫馨服務以及無限的歡笑樂趣。Bison向來以提供原塊鮮切牛排為傲。全體工作夥伴唯一服務精神是-提供您與家人朋友一個超值美好的舒適用餐環境....', NULL, NULL, NULL, '', '2020-11-20 11:30:00', '2020-11-20 21:00:00'),
(22, 'Star-星星炸雞', 2, 3, '桃園市中壢區樹籽路8號', '03-4573625', '0111011', '老闆利用自己在西餐廳服務過的經驗，堅持使用當日新鮮溫體雞肉，店內的每一種醬料也都是自己細心熬煮製作，並不斷創新推出特色炸物：吃過就難忘好滋味的炸牛排佐莎莎醬、讓人一邊喊辣一邊大口咬下的泰式酸辣雞排、每日限量推薦必點的明太子魚排三明治、需要前一天預訂比臉還大的鮮甜炸波士頓龍蝦、以及客人不斷回購的普羅旺斯香草春雞，愛吃炸物的朋友，除了好吃多汁的炸雞，這麼多的迷人特色炸物，請一定要來試試。\r\n\r\n每日使用新鮮溫體雞，研發出獨特炸物及醬料搭配，絕不使用隔夜食品，安心把關。油溫控制得很好，外酥內軟有雞汁，加辣粉後又更美味，櫥窗裡已經炸過起鍋的也不差，老闆會幫你重新置入油鍋中讓炸雞加溫，讓油潤澤炸雞!\r\n', '星星炸雞_1.jpg', '星星炸雞_2.jpg', '星星炸雞_3.jpg', '星星炸雞_4.jpg', '老闆利用自己在西餐廳服務過的經驗，堅持使用當日新鮮溫體雞肉，店內的每一種醬料也都是自己細心熬煮製作，並不斷創新推出特色炸物....\r\n', NULL, NULL, NULL, '', '2020-11-20 13:00:00', '2020-11-20 21:30:00'),
(23, '大魔大滿足鍋物', 4, 1, '桃園市中壢區環中東路二段677號', '03-4517378', '1111111', '大魔大滿足鍋物，在份量上，我們規劃了大小不同份量及優惠價格來滿足每位大魔鍋友對份量的需求。在食材上，我們採用各國最高等級多項肉品及海鮮來滿足大魔鍋友，對食物美味與產品豐富的需求。而舒適的用餐環境及熱情的服務，是來滿足大魔鍋友們用餐的好環境。在日本和牛部份，為了滿足大魔鍋友對價格的親民化，我們直接採購日本滋賀縣的近江和牛並採用最高等級A5等級，省去中間商的費用，可以讓我們提供市場上最好的和牛、最高的等級，但卻是市場最低的價格給大魔的鍋友。\r\n\r\n和牛套餐CP值極高，肉切的厚度很給力，肉的新鮮度很棒。菜盤不要可以換其他商品。醬料台五花八門誠意十足，飲料咖啡機選擇性多。值得再次來品嚐!!', '大魔_1.jpg', '大魔_2.jpg', '大魔_3.jpg', '大魔_4.jpg', '大魔大滿足鍋物，在份量上，我們規劃了大小不同份量及優惠價格來滿足每位大魔鍋友對份量的需求。在食材上，我們採用各國最高等級多項肉品及海鮮來滿足大魔鍋友....', NULL, NULL, NULL, '', '2020-11-20 11:30:00', '2020-11-20 00:00:00'),
(24, '恆八味屋鍋物', 4, 1, '桃園市中壢區月眉路2段248巷85號', '03-4223658', '1111111', '一年的日本旅行，刺骨寒風中，一家人走進一間火鍋店想喝熱湯暖暖身子， 沒想到一口濃郁湯頭下肚，不只趨走了寒意，更在舌尖上留下了難以忘懷的美味。帶走了記憶，帶不走湯頭回甘的感動。『原來湯頭，才是日式火鍋的靈魂』經歷了不下數百次的嘗試，跑遍了台灣、日本各地，不斷品嚐、請教各大主廚，終於，我們熬出了獨一無二的美好湯頭，創造了恆八味屋日式火鍋的靈魂—『白湯』。豚骨湯頭搭配白味噌，再加入牛奶的香醇，在最佳的比例，手工拌攪，讓香味散發，美味更上層樓，無論是涮肉片或是海鮮，都令人回味再三。', '恆八味_1.jpg', '恆八味_2.jpg', '恆八味_3.jpg', '恆八味_4.jpg', '一年的日本旅行，刺骨寒風中，一家人走進一間火鍋店想喝熱湯暖暖身子， 沒想到一口濃郁湯頭下肚，不只趨走了寒意，更在舌尖上留下了難以忘懷的美味。帶走了記憶....', NULL, NULL, NULL, '', '2020-11-20 11:30:00', '2020-11-20 22:00:00'),
(25, '桔客牛排', 1, 2, '桃園市中壢區力行北街50號', '03-4280188', '1111111', '2018年成立的『桔客牛排』位於桃園市中壢區龍山街11-3號，鄰近健行科技大學，主打美味平價的沙朗牛排、蒜香雞排、嫩煎豬排等排餐，我們的牛排堅持使用原切肉，讓您吃的不只是美味，還有品質與安心，內用更提供飲料機、冰淇淋、現烤吐司等自助式免費享用，開幕至今深獲許多顧客網友喜愛，是當地人氣牛排餐館！\r\n\r\n服務態度好到讓人以為在吃西堤或王品，150元起就可以享受到乾淨舒適的用餐空間、很多樣的沙拉吧及媲美高級餐廳的服務，店內飲料、濃湯、冰淇淋、吐司都免費取用，每個人可以加麵一次，如此高CP值的餐廳來到中壢絕對不能錯過！', '桔客牛排_1.jpg', '桔客牛排_2.jpg', '桔客牛排_3.jpg', '桔客牛排_4.jpg', '2018年成立的『桔客牛排』位於桃園市中壢區龍山街11-3號，鄰近健行科技大學，主打美味平價的沙朗牛排、蒜香雞排、嫩煎豬排等排餐，我們的牛排堅持使用原切肉....', NULL, NULL, NULL, '', '2020-11-20 11:00:00', '2020-11-20 21:30:00'),
(26, '犁田鹹酥雞', 2, 3, '桃園市中壢區慈惠三街158巷4號1樓', '03 4910648', '0111111', '犁田鹹酥雞以獨特配方及150種新鮮炸物食材並以高品質的方式來經營「台灣本土小吃-鹹酥雞」。不斷提升鹹酥雞的口感外，更不段嘗試在沾料的調配，做出符合「鹹酥雞」最佳的沾料配方。\r\n\r\n鹹酥雞是台灣相當具代表性的小吃之一，在街上或各大夜市幾乎隨處可見，已成為在地小吃難以忘懷的滋味，更是宵夜的好夥伴，這間犁田鹹酥雞，人氣超高，因為是現點現炸，店內食材炸得外脆內嫩、肉質鮮甜的熱騰騰雞排，獨創炸豬腳用多樣中藥先滷再炸，Ｑ彈可口，香氣逼人，鹹酥雞攤上很少見的內臟類，雞胗、雞心這裡也有!重點炸好之後還會使用脫油機脫油，吃炸物也可以少負擔!', '犁田鹹酥雞_1.jpg', '犁田鹹酥雞_2.jpg', '犁田鹹酥雞_3.jpg', '犁田鹹酥雞_4.jpg', '犁田鹹酥雞以獨特配方及150種新鮮炸物食材並以高品質的方式來經營「台灣本土小吃-鹹酥雞」。不斷提升鹹酥雞的口感外，更不段嘗試在沾料的調配，做出符合「鹹酥雞」最佳的沾料配方...', NULL, NULL, NULL, '', '2020-11-20 16:00:00', '2020-11-20 23:00:00'),
(27, '禪燒肉', 3, 1, '桃園市中壢區中豐路185號', '03-4250965', '1101111', '服務人員很客氣，幫烤也很專業！內有停車位外也有特約停車場，進入餐廳前可在外面取景拍照，尤其金絲楠木的牌樓更是不要錯過， 餐廳內充滿古色古香、挑高且桌與桌之間有段距離，不會彼此打擾而且社交距離夠，可無拘無束的享用。\r\n\r\n食材選擇多樣化，可以自己燒烤也可請服務生幫忙，食材新鮮美味非常好吃，服務佳，CP值高，吃完衣服完全沒有燒烤味呢！ 不管是牛五花、松阪豬、翼板牛、牛舌，都吃的出肉質有一定的水準，加上每桌都有提供代烤的服務，橫隔膜跟牛舌最為驚豔 必吃！橫隔膜入口即化，牛舌則是店員烤的恰到好處，建議想品嚐好的肉質跟服務的人，可以來嘗試看看!', '禪燒肉_1.jpg', '禪燒肉_2.jpg', '禪燒肉_3.jpg', '禪燒肉_4.jpg', '服務人員很客氣，幫烤也很專業！內有停車位外也有特約停車場，進入餐廳前可在外面取景拍照，尤其金絲楠木的牌樓更是不要錯過， 餐廳內充滿古色古香....', NULL, NULL, NULL, '', '2020-11-20 17:00:00', '2020-11-20 00:00:00');

-- --------------------------------------------------------

--
-- 資料表結構 `restaurant_message`
--

DROP TABLE IF EXISTS `restaurant_message`;
CREATE TABLE IF NOT EXISTS `restaurant_message` (
  `RES_MESSAGE_NO` int(11) NOT NULL AUTO_INCREMENT,
  `RES_NO` int(11) NOT NULL,
  `MEMBER_NO` int(11) NOT NULL,
  `RES_MES_TIME` datetime NOT NULL,
  `RES_MESSAGE_WORD` varchar(30) NOT NULL,
  `status` int(11) NOT NULL DEFAULT '0',
  PRIMARY KEY (`RES_MESSAGE_NO`),
  KEY `RES_NO` (`RES_NO`),
  KEY `MEMBER_NO` (`MEMBER_NO`)
) ENGINE=InnoDB AUTO_INCREMENT=51 DEFAULT CHARSET=utf8;

--
-- 資料表的匯出資料 `restaurant_message`
--

INSERT INTO `restaurant_message` (`RES_MESSAGE_NO`, `RES_NO`, `MEMBER_NO`, `RES_MES_TIME`, `RES_MESSAGE_WORD`, `status`) VALUES
(1, 1, 1, '2020-11-02 21:00:00', '亮，你真行', 0),
(2, 1, 1, '2020-11-02 21:14:00', '別人笑我太瘋癲，我笑他人看不穿', 0),
(3, 5, 2, '2020-11-02 21:30:00', '從現在開始，你只許疼我一個人，要寵我，不能騙我，', 0),
(4, 5, 2, '2020-11-02 21:30:00', '答應我的每一件事都要做到，對我講得每一句話都要真心，', 0),
(5, 2, 1, '2020-11-03 11:12:00', '真的好吃', 0),
(6, 3, 2, '2020-11-03 11:08:00', '真心不騙，推暴！', 0),
(7, 4, 2, '2020-11-03 10:23:00', '裝潢很棒，水水大推', 0),
(8, 6, 1, '2020-11-05 11:17:00', '好吃', 0),
(9, 7, 1, '2020-11-05 15:29:00', '不喝了不喝了...嘔嘔嘔...我真的不行了...', 0),
(33, 4, 1, '2020-11-17 21:02:55', '123', 0),
(34, 4, 1, '2020-11-17 21:03:04', '1111', 0),
(35, 8, 1, '2020-11-19 10:31:46', '123', 0),
(36, 1, 1, '2020-11-19 10:32:15', '000', 0),
(37, 1, 1, '2020-11-20 17:38:34', '123', 0),
(38, 1, 16, '2020-11-20 20:04:54', '樓上好醜', 0),
(39, 2, 16, '2020-11-20 20:05:37', '樓上在騙', 0),
(40, 2, 15, '2020-11-20 20:06:12', '小夫~改天一起來吃<3', 0),
(41, 4, 15, '2020-11-20 20:06:31', '小夫小夫~ 這間好美喔~', 0),
(42, 5, 14, '2020-11-20 20:08:36', '如果有男生請我吃，我一定會好好\n\"愛\"\n他的~<3', 0),
(43, 3, 14, '2020-11-20 20:08:52', '真心不騙，推暴！', 0),
(44, 3, 13, '2020-11-20 20:09:40', '真心不騙，推暴！', 0),
(45, 7, 13, '2020-11-20 20:10:22', '樓上的~阿不是咩宏幹崊?', 0),
(46, 17, 1, '2020-11-22 13:52:20', '有人可以給回饋嗎  在線等', 0),
(47, 21, 18, '2020-11-22 13:58:09', '快來留言啊～～', 0),
(48, 14, 10, '2020-11-22 14:43:12', '優質咩兼差line:pp9527\n我還沒有輸', 1),
(49, 15, 40, '2020-11-23 11:30:11', '搶頭香瞜~', 0),
(50, 15, 3, '2020-11-23 11:30:13', '沙發', 0);

-- --------------------------------------------------------

--
-- 資料表結構 `restaurant_style`
--

DROP TABLE IF EXISTS `restaurant_style`;
CREATE TABLE IF NOT EXISTS `restaurant_style` (
  `STYLE_NO` int(11) NOT NULL AUTO_INCREMENT,
  `STYLE_NAME` varchar(20) NOT NULL,
  PRIMARY KEY (`STYLE_NO`)
) ENGINE=InnoDB AUTO_INCREMENT=7 DEFAULT CHARSET=utf8;

--
-- 資料表的匯出資料 `restaurant_style`
--

INSERT INTO `restaurant_style` (`STYLE_NO`, `STYLE_NAME`) VALUES
(1, '排餐'),
(2, '炸物'),
(3, '燒烤'),
(4, '火鍋'),
(5, '飯食'),
(6, '麵食');

-- --------------------------------------------------------

--
-- 資料表結構 `track_list`
--

DROP TABLE IF EXISTS `track_list`;
CREATE TABLE IF NOT EXISTS `track_list` (
  `TL_NO` int(11) NOT NULL AUTO_INCREMENT,
  `MEMBER_NO` int(11) NOT NULL,
  `FRIENDS_NO` int(11) NOT NULL,
  PRIMARY KEY (`TL_NO`),
  KEY `MEMBER_NO` (`MEMBER_NO`),
  KEY `FRIENDS_NO` (`FRIENDS_NO`)
) ENGINE=InnoDB AUTO_INCREMENT=59 DEFAULT CHARSET=utf8;

--
-- 資料表的匯出資料 `track_list`
--

INSERT INTO `track_list` (`TL_NO`, `MEMBER_NO`, `FRIENDS_NO`) VALUES
(3, 1, 5),
(4, 1, 6),
(6, 3, 13),
(7, 3, 12),
(8, 2, 12),
(9, 4, 13),
(10, 5, 10),
(11, 6, 9),
(12, 7, 5),
(13, 8, 9),
(14, 9, 6),
(15, 10, 7),
(16, 11, 13),
(17, 12, 7),
(18, 13, 1),
(19, 14, 4),
(20, 15, 9),
(21, 1, 12),
(22, 1, 2),
(23, 1, 6),
(24, 1, 7),
(28, 3, 5),
(29, 3, 12),
(30, 3, 13),
(31, 3, 7),
(32, 3, 15),
(40, 1, 3),
(42, 18, 1),
(44, 40, 2),
(45, 40, 2),
(46, 40, 3),
(47, 40, 2),
(48, 40, 3),
(50, 40, 2),
(53, 40, 3),
(55, 40, 7),
(56, 40, 3),
(58, 40, 2);

--
-- 已匯出資料表的限制(Constraint)
--

--
-- 資料表的 Constraints `article_collection`
--
ALTER TABLE `article_collection`
  ADD CONSTRAINT `article_collection_ibfk_1` FOREIGN KEY (`MEMBER_NO`) REFERENCES `member_management` (`MEMBER_NO`),
  ADD CONSTRAINT `article_collection_ibfk_2` FOREIGN KEY (`ARTICLE_NO`) REFERENCES `article_sharing` (`ARTICLE_NO`);

--
-- 資料表的 Constraints `article_message`
--
ALTER TABLE `article_message`
  ADD CONSTRAINT `article_message_ibfk_1` FOREIGN KEY (`ARTICLE_NO`) REFERENCES `article_sharing` (`ARTICLE_NO`),
  ADD CONSTRAINT `article_message_ibfk_2` FOREIGN KEY (`MEMBER_NO`) REFERENCES `member_management` (`MEMBER_NO`);

--
-- 資料表的 Constraints `article_report`
--
ALTER TABLE `article_report`
  ADD CONSTRAINT `article_report_ibfk_1` FOREIGN KEY (`ARTICLE_NO`) REFERENCES `article_sharing` (`ARTICLE_NO`);

--
-- 資料表的 Constraints `article_sharing`
--
ALTER TABLE `article_sharing`
  ADD CONSTRAINT `article_sharing_ibfk_1` FOREIGN KEY (`MEMBER_NO`) REFERENCES `member_management` (`MEMBER_NO`);

--
-- 資料表的 Constraints `food_group`
--
ALTER TABLE `food_group`
  ADD CONSTRAINT `food_group_ibfk_1` FOREIGN KEY (`RES_NO`) REFERENCES `restaurant_management` (`RES_NO`),
  ADD CONSTRAINT `food_group_ibfk_2` FOREIGN KEY (`MEMBER`) REFERENCES `member_management` (`MEMBER_NO`);

--
-- 資料表的 Constraints `food_group_collection`
--
ALTER TABLE `food_group_collection`
  ADD CONSTRAINT `food_group_collection_ibfk_1` FOREIGN KEY (`MEMBER_NO`) REFERENCES `member_management` (`MEMBER_NO`),
  ADD CONSTRAINT `food_group_collection_ibfk_2` FOREIGN KEY (`GROUP_NO`) REFERENCES `food_group` (`GROUP_NO`);

--
-- 資料表的 Constraints `food_group_people`
--
ALTER TABLE `food_group_people`
  ADD CONSTRAINT `food_group_people_ibfk_1` FOREIGN KEY (`GROUP_NO`) REFERENCES `food_group` (`GROUP_NO`),
  ADD CONSTRAINT `food_group_people_ibfk_2` FOREIGN KEY (`MEMBER_NO`) REFERENCES `member_management` (`MEMBER_NO`);

--
-- 資料表的 Constraints `report_article_message`
--
ALTER TABLE `report_article_message`
  ADD CONSTRAINT `report_article_message_ibfk_1` FOREIGN KEY (`ARTICLE_NO`) REFERENCES `article_sharing` (`ARTICLE_NO`),
  ADD CONSTRAINT `report_article_message_ibfk_2` FOREIGN KEY (`ARTICLE_MES_NO`) REFERENCES `article_message` (`ART_MESSAGE_NO`);

--
-- 資料表的 Constraints `report_restaurant_message`
--
ALTER TABLE `report_restaurant_message`
  ADD CONSTRAINT `report_restaurant_message_ibfk_1` FOREIGN KEY (`MESSAGE_NO`) REFERENCES `restaurant_message` (`RES_MESSAGE_NO`);

--
-- 資料表的 Constraints `restaurant_collection`
--
ALTER TABLE `restaurant_collection`
  ADD CONSTRAINT `restaurant_collection_ibfk_1` FOREIGN KEY (`MEMBER_NO`) REFERENCES `member_management` (`MEMBER_NO`),
  ADD CONSTRAINT `restaurant_collection_ibfk_2` FOREIGN KEY (`RES_NO`) REFERENCES `restaurant_management` (`RES_NO`);

--
-- 資料表的 Constraints `restaurant_management`
--
ALTER TABLE `restaurant_management`
  ADD CONSTRAINT `restaurant_management_ibfk_1` FOREIGN KEY (`RES_STYLE`) REFERENCES `restaurant_style` (`STYLE_NO`),
  ADD CONSTRAINT `restaurant_management_ibfk_2` FOREIGN KEY (`RES_KIND`) REFERENCES `restaurant_kind` (`KIND_NO`);

--
-- 資料表的 Constraints `restaurant_message`
--
ALTER TABLE `restaurant_message`
  ADD CONSTRAINT `restaurant_message_ibfk_1` FOREIGN KEY (`RES_NO`) REFERENCES `restaurant_management` (`RES_NO`),
  ADD CONSTRAINT `restaurant_message_ibfk_2` FOREIGN KEY (`MEMBER_NO`) REFERENCES `member_management` (`MEMBER_NO`);

--
-- 資料表的 Constraints `track_list`
--
ALTER TABLE `track_list`
  ADD CONSTRAINT `track_list_ibfk_1` FOREIGN KEY (`MEMBER_NO`) REFERENCES `member_management` (`MEMBER_NO`),
  ADD CONSTRAINT `track_list_ibfk_2` FOREIGN KEY (`FRIENDS_NO`) REFERENCES `member_management` (`MEMBER_NO`);
COMMIT;

/*!40101 SET CHARACTER_SET_CLIENT=@OLD_CHARACTER_SET_CLIENT */;
/*!40101 SET CHARACTER_SET_RESULTS=@OLD_CHARACTER_SET_RESULTS */;
/*!40101 SET COLLATION_CONNECTION=@OLD_COLLATION_CONNECTION */;
